solution_id,total_cost,avg_delay_hours,total_tokens,cost_per_1k_tokens,carbon_per_1k_tokens,server_plan
0,96.23204309999998,0.047155582036994936,3472000.0,0.027716602275345618,0.018914680299539174,"8,6,8,9,6,8,6,8,9,10,12,12,12,10,11,12,11,13,14,13,12,12,10,9"
2,96.28755059999999,0.04664651001917924,3472000.0,0.02773258945852534,0.018893294930875573,"8,6,7,9,6,8,6,8,9,10,12,12,12,10,11,12,12,13,15,13,12,10,10,9"
17,96.55768559999999,0.04652274128262113,3472000.0,0.027810393317972346,0.018936065668202762,"8,6,7,9,6,8,6,8,9,10,13,12,12,10,11,12,12,13,15,13,12,10,10,9"
67,96.63875309999999,0.0458944726734107,3472000.0,0.027833742252304144,0.018973004032258062,"8,6,7,9,6,8,6,8,9,10,12,12,12,13,11,12,11,13,15,13,12,10,10,9"
68,96.70929059999999,0.04547384132939386,3472000.0,0.027854058352534558,0.01900216589861751,"8,6,8,9,6,8,6,8,9,10,12,12,12,13,11,12,12,13,14,13,12,10,10,9"
71,97.1790231,0.04517593845961392,3472000.0,0.027989349971198157,0.01905854550691244,"8,6,7,9,6,8,6,8,9,10,13,12,12,13,11,12,12,13,15,13,12,10,10,9"
66,97.37862059999999,0.044884932859825775,3472000.0,0.028046837730414744,0.019066322004608293,"8,6,8,9,6,8,6,8,9,10,13,12,12,13,11,12,12,13,15,14,12,10,10,7"
72,97.64875559999999,0.044558336155797094,3472000.0,0.02812464158986175,0.019109740783410135,"7,6,7,9,6,8,6,8,10,10,13,12,12,13,11,12,12,13,15,14,12,10,10,9"
53,97.71929309999999,0.044541400025684706,3472000.0,0.028144957690092162,0.019142142857142854,"7,6,8,9,6,8,6,8,10,10,13,12,12,13,11,12,12,13,15,14,12,10,10,9"
70,97.71929309999999,0.044541400025684706,3472000.0,0.028144957690092162,0.019142142857142854,"7,6,8,9,6,8,6,8,10,10,13,12,12,13,11,12,12,13,15,14,12,10,10,9"
75,97.85586809999998,0.04436293304330174,3472000.0,0.02818429380760368,0.019146031105990783,"7,6,7,9,6,8,6,8,10,10,13,13,12,13,11,12,12,13,14,14,12,11,10,9"
28,97.9969431,0.044330587969791314,3472000.0,0.028224926008064515,0.019216019585253454,"8,6,8,9,6,8,6,8,10,10,13,12,12,13,12,12,12,13,15,14,12,10,10,9"
19,98.12600309999998,0.044151462014746144,3472000.0,0.028262097667050685,0.019190745967741934,"7,6,7,9,6,8,6,8,10,10,13,13,12,13,11,12,12,14,14,14,12,11,10,9"
60,98.32560059999999,0.04412559641714633,3472000.0,0.028319585426267276,0.019199170506912444,"7,6,7,9,6,7,6,8,10,10,13,13,12,13,11,12,14,13,14,14,12,11,10,9"
74,98.48170559999998,0.04400495992632309,3472000.0,0.028364546543778797,0.019326186635944702,"7,8,8,9,6,8,6,8,10,10,13,12,12,13,12,12,12,13,15,14,12,12,10,9"
5,98.67378809999998,0.043871362088958164,3472000.0,0.02841986984447004,0.01930804147465438,"7,6,8,9,6,8,6,8,10,10,13,13,12,13,11,12,12,14,15,14,12,12,10,9"
9,98.94392309999998,0.04368288249631388,3472000.0,0.028497673703917044,0.019350164170506914,"8,6,7,9,6,8,6,8,10,10,13,13,12,13,12,12,14,14,14,14,12,11,10,9"
12,98.94392309999999,0.04352975533333803,3472000.0,0.028497673703917047,0.019344979838709676,"7,6,8,9,6,8,6,8,10,12,13,13,12,13,11,12,12,14,14,14,12,12,10,9"
11,99.09251309999999,0.04334795613764322,3472000.0,0.028540470362903223,0.019443482142857144,"8,8,8,9,6,8,6,8,10,12,13,13,13,13,12,12,12,13,14,14,12,11,10,9"
49,99.42868559999998,0.04328676490772265,3472000.0,0.02863729423963133,0.019446074308755758,"7,6,8,9,6,9,8,8,10,12,13,13,12,13,11,12,12,14,14,14,12,12,10,9"
51,99.56976059999998,0.04321239662886086,3472000.0,0.02867792644009216,0.019527079493087556,"7,8,8,9,7,8,6,8,10,12,13,13,13,14,11,12,12,13,15,14,12,12,10,9"
34,99.69130559999999,0.04313630812084781,3472000.0,0.028712933640552992,0.0194739400921659,"7,6,8,9,6,8,6,8,10,12,13,13,13,13,11,12,14,13,15,14,12,12,10,9"
38,99.77687309999997,0.0430149179370407,3472000.0,0.028737578657834092,0.019573090437788012,"8,8,8,9,6,8,6,8,10,12,13,13,13,14,11,12,12,13,15,14,14,11,10,9"
57,99.90291809999998,0.042945268431558686,3472000.0,0.028773881941244233,0.019574386520737327,"9,6,8,9,7,8,6,8,10,12,13,13,13,13,12,12,14,13,15,14,12,11,10,9"
30,99.91043309999998,0.042862207076753256,3472000.0,0.028776046399769578,0.019606788594470043,"8,8,8,9,7,8,6,8,10,12,13,13,13,14,12,12,12,14,15,14,12,11,10,9"
44,100.12056059999999,0.042718427431845896,3472000.0,0.028836566993087554,0.019621045506912443,"8,8,7,9,6,8,6,8,10,12,13,12,13,13,12,13,12,14,15,14,14,12,10,9"
36,100.45070309999997,0.04260443961421439,3472000.0,0.028931654118663587,0.019692330069124422,"8,8,8,9,7,8,6,8,10,12,13,13,13,14,12,12,14,14,15,14,12,11,10,9"
59,100.45070309999997,0.04260443961421439,3472000.0,0.028931654118663587,0.019692330069124422,"8,8,8,9,7,8,6,8,10,12,13,13,13,14,12,12,14,14,15,14,12,11,10,9"
42,100.66533059999999,0.042452275174865904,3472000.0,0.02899347079493087,0.019768150921658987,"8,8,8,9,7,8,6,8,10,12,13,12,13,13,12,13,14,14,15,14,14,11,11,9"
69,101.00150309999998,0.042218177266480805,3472000.0,0.02909029467165898,0.019770743087557604,"9,6,8,9,7,8,8,8,10,12,13,13,13,13,12,12,14,14,15,14,14,11,10,9"
25,101.2131156,0.04217103324244422,3472000.0,0.02915124297235023,0.019884150345622117,"9,8,8,9,7,8,6,8,10,12,13,13,13,13,12,13,14,14,15,14,14,12,11,9"
62,101.2131156,0.04217103324244422,3472000.0,0.02915124297235023,0.019884150345622117,"9,8,8,9,7,8,6,8,10,12,13,13,13,13,12,13,14,14,15,14,14,12,11,9"
18,101.34969059999999,0.04204761254861374,3472000.0,0.029190579089861748,0.019875725806451614,"9,8,8,9,7,8,8,8,10,12,13,13,13,13,12,12,14,14,15,14,14,12,10,9"
16,101.61982559999998,0.04196753829349762,3472000.0,0.029268382949308752,0.019919144585253453,"9,8,8,9,7,8,8,8,10,12,13,14,13,13,12,12,14,14,15,14,14,12,10,9"
61,102.11210309999998,0.041868095469288595,3472000.0,0.029410167943548383,0.020060417626728107,"9,8,8,9,7,9,9,8,10,12,13,13,13,14,12,13,14,14,15,14,14,12,11,9"
50,102.17512559999999,0.04180667287389556,3472000.0,0.02942831958525345,0.020069490207373274,"9,8,8,9,7,9,8,8,10,12,13,14,13,14,12,13,14,14,15,14,14,12,11,9"
45,102.65988809999999,0.04174251658420672,3472000.0,0.02956794012096774,0.020167992511520735,"9,9,8,9,7,10,8,11,10,12,13,13,13,14,12,12,14,15,15,14,14,12,10,9"
21,102.91499309999999,0.04166287305131854,3472000.0,0.02964141506336405,0.020157623847926267,"9,8,9,9,7,8,8,8,12,12,13,13,12,14,13,13,14,14,15,16,14,12,10,9"
35,102.98553059999999,0.041554988139274364,3472000.0,0.029661731163594468,0.02019585829493088,"9,8,8,9,7,9,8,8,12,12,13,13,13,14,12,13,14,14,15,16,14,12,11,9"
27,103.19264309999998,0.04149007980829698,3472000.0,0.0297213833813364,0.02023798099078341,"9,8,8,9,7,9,8,8,12,12,13,13,14,14,12,13,14,14,15,16,14,12,11,9"
29,103.51378559999999,0.0414545373445798,3472000.0,0.029813878341013823,0.020194562211981567,"7,8,8,9,7,8,8,8,12,12,14,13,13,14,12,13,14,14,17,16,14,12,10,9"
64,103.67290559999999,0.04137681061362732,3472000.0,0.02985970783410138,0.020289176267281106,"9,8,7,9,7,9,8,11,10,12,13,13,13,14,13,13,14,14,17,16,14,12,10,9"
52,103.8694881,0.041323225285136066,3472000.0,0.029916327217741935,0.020333891129032257,"9,8,9,9,7,8,8,8,12,12,13,13,14,14,13,13,14,14,17,16,14,12,10,9"
55,104.01357809999999,0.041263007599866286,3472000.0,0.0299578277937788,0.020352036290322582,"9,8,8,9,7,9,8,11,12,12,13,14,13,14,13,13,14,14,15,16,14,12,10,9"
73,104.0135781,0.041258055810159205,3472000.0,0.029957827793778802,0.02035333237327189,"9,8,9,9,7,8,8,11,12,12,13,13,13,14,13,13,14,15,15,16,14,12,10,9"
47,104.2131756,0.04124135906506241,3472000.0,0.030015315552995393,0.020368237327188937,"9,8,7,9,7,9,8,11,12,12,13,13,13,14,13,13,14,14,17,16,14,12,10,9"
7,104.4908256,0.04119960254815168,3472000.0,0.03009528387096774,0.020436281682027654,"9,8,9,9,7,8,8,11,12,12,13,14,13,15,12,13,14,15,15,16,14,13,10,9"
8,104.9680731,0.04104999128742052,3472000.0,0.030232739948156683,0.020528303571428572,"9,8,8,9,7,9,8,11,12,12,13,14,15,14,13,13,14,14,17,16,14,12,10,9"
14,105.3207606,0.0410478760362857,3472000.0,0.030334320449308755,0.020689017857142854,"9,8,9,11,7,8,9,11,12,12,13,14,14,14,13,13,14,14,17,16,14,12,10,12"
10,105.65243310000001,0.040913858577872206,3472000.0,0.03042984824308756,0.020650783410138252,"9,8,9,9,7,8,8,11,12,12,13,14,14,15,14,13,14,15,17,16,14,13,10,9"
40,106.07867310000002,0.0408939883116505,3472000.0,0.03055261322004609,0.020836123271889398,"9,8,9,9,7,8,8,11,12,12,13,13,15,15,14,13,14,15,17,16,15,13,14,9"
77,106.08015810000002,0.04088694541237269,3472000.0,0.03055304092741936,0.02091583237327189,"9,11,8,9,8,10,9,11,12,12,13,14,15,14,13,13,14,15,17,16,14,12,14,9"
65,106.2557256,0.04086414424759346,3472000.0,0.030603607603686637,0.020748637672811057,"9,8,8,9,7,9,8,11,12,12,14,14,15,15,13,13,14,15,19,16,14,12,10,9"
54,106.35029310000002,0.040834259743231634,3472000.0,0.030630844786866365,0.02095860311059908,"9,11,8,9,8,10,9,11,12,12,14,14,15,14,13,13,14,15,17,16,14,12,14,9"
33,106.6864656,0.040811956661563224,3472000.0,0.03072766866359447,0.020978692396313368,"9,9,8,11,7,9,9,11,12,12,14,14,15,15,13,13,14,15,18,16,14,12,14,9"
24,106.9686156,0.04077850684117135,3472000.0,0.030808933064516132,0.02110830069124424,"9,11,10,9,8,10,9,11,12,12,14,14,15,14,13,13,14,15,18,16,14,13,14,9"
58,107.42633310000001,0.04077510013112786,3472000.0,0.03094076414170507,0.021079138824884797,"9,9,7,11,7,9,9,11,12,12,14,14,15,15,13,13,14,19,17,16,14,12,14,9"
46,107.7670056,0.040747268198648386,3472000.0,0.03103888410138249,0.021152367511520737,"9,9,8,11,7,9,9,11,12,12,14,18,15,15,13,13,14,15,18,16,14,12,14,9"
20,108.0491556,0.0407138183782565,3472000.0,0.03112014850230415,0.021281975806451612,"9,11,10,9,8,10,9,11,12,12,14,18,15,14,13,13,14,15,18,16,14,13,14,9"
13,108.39887309999999,0.04065806691255012,3472000.0,0.031220873588709674,0.02126771889400922,"9,10,9,9,7,10,9,11,12,13,14,14,14,15,13,18,14,15,19,16,14,14,12,9"
31,108.9286131,0.0406419682310332,3472000.0,0.031373448473502305,0.021359092741935485,"9,9,8,11,7,9,9,11,12,12,17,14,15,15,15,13,14,19,17,16,14,13,14,9"
56,108.9841206,0.040584152246036995,3472000.0,0.03138943565668203,0.02132215437788018,"9,9,10,11,7,9,9,11,12,13,14,17,15,15,13,13,16,15,19,17,14,13,11,9"
63,109.3953306,0.04056500067018782,3472000.0,0.03150787171658986,0.021427785138248844,"9,11,10,11,7,9,9,11,13,13,14,17,15,15,13,13,16,15,19,17,14,13,11,9"
26,109.7825106,0.04054080156988259,3472000.0,0.031619386693548385,0.021368813364055297,"9,9,10,9,7,8,9,11,12,13,14,17,15,15,13,13,16,19,19,17,14,13,10,9"
43,110.0646606,0.04051159817504522,3472000.0,0.031700651094470046,0.02150101382488479,"9,9,10,11,7,9,9,11,12,13,14,17,15,15,13,13,16,19,19,17,14,13,11,9"
48,110.43089309999999,0.04051071765896679,3472000.0,0.031806132805299536,0.021644879032258067,"9,10,9,9,7,10,9,11,12,13,14,18,14,15,13,18,16,15,19,17,14,14,14,9"
41,110.6199606,0.04048023330108316,3472000.0,0.031860587730414745,0.021660432027649768,"9,8,8,11,7,9,9,11,12,13,14,18,15,15,15,13,16,19,19,16,14,13,14,11"
39,110.99069309999999,0.040447502221444685,3472000.0,0.03196736552419355,0.021847716013824885,"9,9,14,11,7,9,9,11,12,13,14,18,15,15,13,17,16,15,19,17,15,14,14,9"
15,111.1347831,0.04039844321460505,3472000.0,0.03200886610023042,0.021889838709677416,"9,11,10,11,7,9,9,11,12,13,14,18,15,15,15,18,16,16,18,16,15,13,14,11"
22,111.80411310000001,0.04036455135439717,3472000.0,0.0322016454781106,0.021953346774193545,"9,11,8,11,7,9,9,11,12,13,17,18,15,15,15,18,16,16,18,16,15,13,14,11"
23,111.87465060000001,0.04035871280824919,3472000.0,0.032221961578341014,0.021985100806451607,"9,10,10,11,7,9,9,11,12,13,17,18,15,15,15,18,16,16,18,16,15,13,14,11"
6,112.63553309999999,0.04035808454374514,3472000.0,0.03244110976382488,0.022280607718894008,"9,9,14,11,15,9,9,11,12,13,14,18,15,15,13,17,16,19,19,17,15,14,14,9"
3,113.1202956,0.04033607076433749,3472000.0,0.03258073029953917,0.022397255184331794,"9,9,14,11,15,10,9,11,12,13,14,18,17,15,13,17,16,19,19,17,15,14,14,9"
76,113.6680806,0.040290635035263436,3472000.0,0.032738502476958524,0.022509366359447,"9,10,14,11,15,10,9,11,13,13,14,18,17,15,14,18,16,19,19,17,15,13,12,11"
78,113.9757231,0.040271702461262666,3472000.0,0.032827109187788014,0.022311065668202762,"9,10,8,11,7,9,9,11,12,13,17,18,15,15,18,18,16,19,18,19,15,13,14,11"
32,114.75613560000001,0.040233876350522675,3472000.0,0.03305188237327189,0.022717387672811055,"9,9,14,11,15,10,9,11,13,13,17,18,17,15,15,18,16,19,19,17,15,13,14,11"
37,114.75613560000001,0.040233876350522675,3472000.0,0.03305188237327189,0.022717387672811055,"9,9,14,11,15,10,9,11,13,13,17,18,17,15,15,18,16,19,19,17,15,13,14,11"
4,115.4329806,0.04020112131434925,3472000.0,0.033246826209677414,0.022814593894009215,"9,9,14,11,15,9,9,11,13,13,17,18,17,15,15,18,16,19,19,19,15,14,14,11"
1,116.19539309999999,0.04018807272765841,3472000.0,0.03346641506336405,0.023004470046082946,"9,10,14,11,15,9,9,11,13,13,17,18,17,15,18,18,16,19,19,19,15,14,15,11"
