hour,token_capacity,export_tokens,token_export_revenue,token_energy_cost,net_token_profit,avg_cross_timezone_delay,token_sla_violation_rate,energy_per_million_tokens,cost_per_million_tokens,utility,export_ramp_tokens,domestic_export_tokens,europe_export_tokens,north_america_export_tokens,strategy,price,power_margin_norm
0,683481.9154775183,0.0,0.0,0.0,0.0,0.0,0.0,0.0,0.0,0.0,0.0,0.0,0.0,0.0,No-Export,42.62,0.6834819154775184
1,639369.9166416501,0.0,0.0,0.0,0.0,0.0,0.0,0.0,0.0,0.0,0.0,0.0,0.0,0.0,No-Export,40.53,0.6393699166416501
2,566156.721699095,0.0,0.0,0.0,0.0,0.0,0.0,0.0,0.0,0.0,0.0,0.0,0.0,0.0,No-Export,34.475,0.566156721699095
3,475130.238145405,0.0,0.0,0.0,0.0,0.0,0.0,0.0,0.0,0.0,0.0,0.0,0.0,0.0,No-Export,40.45,0.475130238145405
4,425812.2763484457,0.0,0.0,0.0,0.0,0.0,0.0,0.0,0.0,0.0,0.0,0.0,0.0,0.0,No-Export,27.825,0.4258122763484457
5,125639.5945903557,0.0,0.0,0.0,0.0,0.0,0.0,0.0,0.0,0.0,0.0,0.0,0.0,0.0,No-Export,36.66,0.1256395945903557
6,71286.9093437869,0.0,0.0,0.0,0.0,0.0,0.0,0.0,0.0,0.0,0.0,0.0,0.0,0.0,No-Export,39.635,0.0712869093437869
7,0.0,0.0,0.0,0.0,0.0,0.0,0.0,0.0,0.0,0.0,0.0,0.0,0.0,0.0,No-Export,38.355,0.0
8,58703.2617899673,0.0,0.0,0.0,0.0,0.0,0.0,0.0,0.0,0.0,0.0,0.0,0.0,0.0,No-Export,41.75,0.0587032617899673
9,265756.0674597552,0.0,0.0,0.0,0.0,0.0,0.0,0.0,0.0,0.0,0.0,0.0,0.0,0.0,No-Export,44.870000000000005,0.2657560674597552
10,295619.7152466959,0.0,0.0,0.0,0.0,0.0,0.0,0.0,0.0,0.0,0.0,0.0,0.0,0.0,No-Export,55.86000000000001,0.2956197152466959
11,345456.4317134951,0.0,0.0,0.0,0.0,0.0,0.0,0.0,0.0,0.0,0.0,0.0,0.0,0.0,No-Export,50.165,0.3454564317134951
12,395290.439878778,0.0,0.0,0.0,0.0,0.0,0.0,0.0,0.0,0.0,0.0,0.0,0.0,0.0,No-Export,44.21,0.395290439878778
13,429536.97870896815,0.0,0.0,0.0,0.0,0.0,0.0,0.0,0.0,0.0,0.0,0.0,0.0,0.0,No-Export,42.165,0.4295369787089681
14,482663.83477344736,0.0,0.0,0.0,0.0,0.0,0.0,0.0,0.0,0.0,0.0,0.0,0.0,0.0,No-Export,42.66,0.4826638347734474
15,456223.4972648837,0.0,0.0,0.0,0.0,0.0,0.0,0.0,0.0,0.0,0.0,0.0,0.0,0.0,No-Export,56.835,0.4562234972648837
16,456966.17043826246,0.0,0.0,0.0,0.0,0.0,0.0,0.0,0.0,0.0,0.0,0.0,0.0,0.0,No-Export,69.58,0.4569661704382625
17,512593.8357640839,0.0,0.0,0.0,0.0,0.0,0.0,0.0,0.0,0.0,0.0,0.0,0.0,0.0,No-Export,62.5,0.5125938357640839
18,619882.166335381,0.0,0.0,0.0,0.0,0.0,0.0,0.0,0.0,0.0,0.0,0.0,0.0,0.0,No-Export,53.46,0.619882166335381
19,656075.6746592736,0.0,0.0,0.0,0.0,0.0,0.0,0.0,0.0,0.0,0.0,0.0,0.0,0.0,No-Export,40.87,0.6560756746592736
20,591959.3820352395,0.0,0.0,0.0,0.0,0.0,0.0,0.0,0.0,0.0,0.0,0.0,0.0,0.0,No-Export,36.96,0.5919593820352395
21,529659.0158620803,0.0,0.0,0.0,0.0,0.0,0.0,0.0,0.0,0.0,0.0,0.0,0.0,0.0,No-Export,29.7,0.5296590158620803
22,471192.15947144263,0.0,0.0,0.0,0.0,0.0,0.0,0.0,0.0,0.0,0.0,0.0,0.0,0.0,No-Export,15.72,0.4711921594714426
23,404564.93196423183,0.0,0.0,0.0,0.0,0.0,0.0,0.0,0.0,0.0,0.0,0.0,0.0,0.0,No-Export,12.39,0.4045649319642318
0,683481.9154775183,410089.149286511,0.410089149286511,0.009713166748635618,0.40037598253787543,0.25,0.3333333333333333,0.555736754939613,0.023685500495526306,0.23363502479911624,410089.149286511,136696.38309550367,136696.38309550367,136696.38309550367,Power-Margin-Only,42.62,0.6834819154775184
1,639369.9166416501,383621.94998499006,0.3836219499849901,0.009086515246986256,0.3745354347380038,0.25,0.33333333333333337,0.5844095541829274,0.02368611923103405,0.24666145140967383,26467.199301520945,127873.98332833002,127873.98332833002,127873.98332833002,Power-Margin-Only,40.53,0.6393699166416501
2,566156.721699095,339694.03301945695,0.339694033019457,0.0074012996412428774,0.33229273337821413,0.24999999999999994,0.3333333333333333,0.6319981308955882,0.0217881355626254,0.21906138903839517,43927.916965533106,113231.34433981898,113231.34433981898,113231.34433981898,Power-Margin-Only,34.475,0.566156721699095
3,475130.238145405,285078.142887243,0.285078142887243,0.007970111581435657,0.2771080313058073,0.24999999999999994,0.3333333333333333,0.6911653452054867,0.02795763821356194,0.1820819836767263,54615.89013221394,95026.047629081,95026.047629081,95026.047629081,Power-Margin-Only,40.45,0.475130238145405
4,425812.2763484457,255487.36580906739,0.2554873658090674,0.005141339023095455,0.25034602678597195,0.25,0.33333333333333337,0.7232220203735102,0.020123652716892922,0.16518357151628282,29590.777078175626,85162.45526968913,85162.45526968913,85162.45526968913,Power-Margin-Only,27.825,0.4258122763484457
5,125639.5945903557,75383.75675421342,0.06784538107879207,0.0025378796638873048,0.06530750141490477,0.25,0.3333333333333333,0.9183342635162688,0.03366613410050641,0.04017958249683362,180103.60905485397,25127.91891807114,25127.91891807114,25127.91891807114,Power-Margin-Only,36.66,0.1256395945903557
6,71286.9093437869,42772.14560627214,0.03849493104564493,0.0016167209429487066,0.03687821010269622,0.25,0.3333333333333333,0.9536635089265385,0.03779845317630335,0.02262082823393884,32611.61114794128,14257.38186875738,14257.38186875738,14257.38186875738,Power-Margin-Only,39.635,0.0712869093437869
7,0.0,0.0,0.0,0.0,0.0,0.0,0.0,0.0,0.0,0.0,42772.14560627214,0.0,0.0,0.0,Power-Margin-Only,38.355,0.0
8,58703.2617899673,35221.957073980375,0.03169976136658234,0.001414406025115277,0.030285355341467063,0.25,0.3333333333333333,0.9618428798365213,0.040156940233174766,0.018544702983473604,35221.957073980375,11740.652357993458,11740.652357993458,11740.652357993458,Power-Margin-Only,41.75,0.0587032617899673
9,265756.0674597552,159453.64047585314,0.17539900452343848,0.005918774257198411,0.16948023026624007,0.25,0.33333333333333337,0.8272585561511592,0.037119091414502516,0.116329016774289,124231.68340187277,53151.21349195105,53151.21349195105,53151.21349195105,Power-Margin-Only,44.870000000000005,0.2657560674597552
10,295619.7152466959,177371.82914801754,0.19510901206281928,0.008004142135315162,0.1871048699275041,0.24999999999999997,0.3333333333333333,0.8078471850896476,0.04512634375910772,0.12798092687816492,17918.188672164397,59123.94304933918,59123.94304933918,59123.94304933918,Power-Margin-Only,55.86000000000001,0.2956197152466959
11,345456.4317134951,207273.85902809707,0.2280012449309068,0.008063080748597429,0.21993816418230935,0.25,0.3333333333333333,0.7754533193862281,0.038900615767010135,0.15084687783961034,29902.029880079528,69091.28634269902,69091.28634269902,69091.28634269902,Power-Margin-Only,50.165,0.3454564317134951
12,395290.439878778,237174.2639272668,0.24191774920581213,0.007791349195355153,0.23412640001045698,0.24999999999999997,0.3333333333333333,0.7430612140787942,0.03285073627442349,0.1550683120347014,29900.40489916972,79058.0879757556,79058.0879757556,79058.0879757556,Power-Margin-Only,44.21,0.395290439878778
13,429536.97870896815,257722.1872253809,0.26287663096988856,0.00783284029625888,0.2550437906736297,0.25,0.3333333333333333,0.7208009638391707,0.030392572640278632,0.16913639493183605,20547.923298114125,85907.39574179363,85907.39574179363,85907.39574179363,Power-Margin-Only,42.165,0.4295369787089681
14,482663.83477344736,289598.3008640684,0.3185581309504752,0.008478341982336183,0.31007978896813904,0.24999999999999994,0.3333333333333333,0.6862685073972592,0.029276214525567074,0.21354702201344958,31876.11363868747,96532.76695468946,96532.76695468946,96532.76695468946,Power-Margin-Only,42.66,0.4826638347734474
15,456223.4972648837,273734.0983589302,0.26825941639175166,0.010944121761152581,0.2573152946305991,0.25,0.33333333333333337,0.7034547267778255,0.03998084939641771,0.16607059517762235,15864.202505138179,91244.69945297674,91244.69945297674,91244.69945297674,Power-Margin-Only,56.835,0.4562234972648837
16,456966.17043826246,274179.70226295746,0.26869610821769835,0.013410894475859293,0.25528521374183905,0.25,0.3333333333333333,0.7029719892151294,0.0489127910095887,0.16389197965418656,445.603904027259,91393.23408765248,91393.23408765248,91393.23408765248,Power-Margin-Only,69.58,0.4569661704382625
17,512593.8357640839,307556.3014584503,0.27680067131260533,0.012817678104859315,0.263982993207746,0.24999999999999994,0.3333333333333333,0.6668140067533455,0.04167587542208409,0.16146422605492922,33376.59919549286,102518.76715281677,102518.76715281677,102518.76715281677,Power-Margin-Only,62.5,0.5125938357640839
18,619882.166335381,371929.29980122857,0.3347363698211057,0.011871877101781317,0.3228644927193244,0.25,0.33333333333333337,0.5970765918820023,0.031919714602011845,0.1988880594522482,64372.99834277824,123976.4332670762,123976.4332670762,123976.4332670762,Power-Margin-Only,53.46,0.619882166335381
19,656075.6746592736,393645.4047955641,0.3542808643160077,0.009227450462077163,0.3450534138539305,0.25,0.3333333333333333,0.5735508114714721,0.023441021664839065,0.2138382789220758,21716.10499433556,131215.1349318547,131215.1349318547,131215.1349318547,Power-Margin-Only,40.87,0.6560756746592736
20,591959.3820352395,355175.62922114367,0.31965806629902926,0.008076256163204351,0.3115818101358249,0.25,0.33333333333333337,0.6152264016770943,0.022738767805985407,0.19318993372877702,38469.77557442046,118391.8764070479,118391.8764070479,118391.8764070479,Power-Margin-Only,36.96,0.5919593820352395
21,529659.0158620803,317795.40951724816,0.2860158685655234,0.006189044212330444,0.27982682435319295,0.25,0.3333333333333333,0.6557216396896478,0.01947493269878254,0.1738950211807769,37380.219703895506,105931.80317241605,105931.80317241605,105931.80317241605,Power-Margin-Only,29.7,0.5296590158620803
22,471192.15947144263,282715.29568286554,0.25444376611457903,0.003083111656960403,0.2513606544576186,0.25,0.3333333333333333,0.6937250963435624,0.0109053585145208,0.1571222225633301,35080.11383438262,94238.43189428851,94238.43189428851,94238.43189428851,Power-Margin-Only,15.72,0.4711921594714426
23,404564.93196423183,242738.95917853908,0.2427389591785391,0.0022166524438090016,0.2405223067347301,0.25,0.3333333333333333,0.7370327942232493,0.00913183632042606,0.15960932034188374,39976.336504326464,80912.98639284636,80912.98639284636,80912.98639284636,Power-Margin-Only,12.39,0.4045649319642318
0,683481.9154775183,512611.4366081387,0.5536203515367898,0.01214145843579452,0.5414788931009953,0.3675,1.0,0.555736754939613,0.023685500495526306,0.1436356126914003,512611.4366081387,0.0,0.0,512611.4366081387,Price-Driven,42.62,0.6834819154775184
1,639369.9166416501,479527.4374812376,0.5178896324797365,0.01135814405873282,0.5065314884210037,0.3675,1.0,0.5844095541829274,0.02368611923103405,0.21042329577633956,33083.99912690115,0.0,0.0,479527.4374812376,Price-Driven,40.53,0.6393699166416501
2,566156.721699095,424617.54127432127,0.45858694457626703,0.0092516245515536,0.44933532002471344,0.36750000000000005,1.0,0.6319981308955882,0.021788135562625405,0.18713398828782005,54909.89620691631,0.0,0.0,424617.54127432127,Price-Driven,34.475,0.566156721699095
3,475130.238145405,356347.6786090538,0.38485549289777804,0.009962639476794568,0.3748928534209835,0.3675,1.0,0.6911653452054867,0.027957638213561935,0.1548481618798928,68269.86266526749,0.0,0.0,356347.6786090538,Price-Driven,40.45,0.475130238145405
4,425812.2763484457,319359.2072613343,0.344907943842241,0.006426673778869319,0.3384812700633717,0.36750000000000005,1.0,0.7232220203735102,0.020123652716892922,0.14127695957949776,36988.47134771949,0.0,0.0,319359.2072613343,Price-Driven,27.825,0.4258122763484457
5,125639.5945903557,94229.69594276678,0.1017680716181881,0.0031723495798591313,0.09859572203832896,0.36749999999999994,1.0,0.9183342635162688,0.033666134100506416,0.040408884793670496,225129.5113185675,0.0,0.0,94229.69594276678,Price-Driven,36.66,0.1256395945903557
6,71286.9093437869,53465.18200784018,0.0577423965684674,0.0020209011786858832,0.055721495389781515,0.3675,1.0,0.9536635089265385,0.03779845317630335,0.022706745499940208,40764.513934926596,0.0,0.0,53465.18200784018,Price-Driven,39.635,0.0712869093437869
7,0.0,0.0,0.0,0.0,0.0,0.0,0.0,0.0,0.0,0.0,53465.18200784018,0.0,0.0,0.0,Price-Driven,38.355,0.0
8,58703.2617899673,0.0,0.0,0.0,0.0,0.0,0.0,0.0,0.0,0.0,0.0,0.0,0.0,0.0,Price-Driven,41.75,0.0587032617899673
9,265756.0674597552,0.0,0.0,0.0,0.0,0.0,0.0,0.0,0.0,0.0,0.0,0.0,0.0,0.0,Price-Driven,44.870000000000005,0.2657560674597552
10,295619.7152466959,0.0,0.0,0.0,0.0,0.0,0.0,0.0,0.0,0.0,0.0,0.0,0.0,0.0,Price-Driven,55.86000000000001,0.2956197152466959
11,345456.4317134951,0.0,0.0,0.0,0.0,0.0,0.0,0.0,0.0,0.0,0.0,0.0,0.0,0.0,Price-Driven,50.165,0.3454564317134951
12,395290.439878778,0.0,0.0,0.0,0.0,0.0,0.0,0.0,0.0,0.0,0.0,0.0,0.0,0.0,Price-Driven,44.21,0.395290439878778
13,429536.97870896815,0.0,0.0,0.0,0.0,0.0,0.0,0.0,0.0,0.0,0.0,0.0,0.0,0.0,Price-Driven,42.165,0.4295369787089681
14,482663.83477344736,0.0,0.0,0.0,0.0,0.0,0.0,0.0,0.0,0.0,0.0,0.0,0.0,0.0,Price-Driven,42.66,0.4826638347734474
15,456223.4972648837,0.0,0.0,0.0,0.0,0.0,0.0,0.0,0.0,0.0,0.0,0.0,0.0,0.0,Price-Driven,56.835,0.4562234972648837
16,456966.17043826246,0.0,0.0,0.0,0.0,0.0,0.0,0.0,0.0,0.0,0.0,0.0,0.0,0.0,Price-Driven,69.58,0.4569661704382625
17,512593.8357640839,0.0,0.0,0.0,0.0,0.0,0.0,0.0,0.0,0.0,0.0,0.0,0.0,0.0,Price-Driven,62.5,0.5125938357640839
18,619882.166335381,464911.6247515357,0.5021045547316585,0.014839846377226646,0.48726470835443186,0.3675,1.0,0.5970765918820023,0.031919714602011845,0.14272596769459073,464911.6247515357,0.0,0.0,464911.6247515357,Price-Driven,53.46,0.619882166335381
19,656075.6746592736,492056.7559944552,0.5314212964740116,0.011534313077596454,0.5198869833964151,0.3675,1.0,0.5735508114714721,0.023441021664839065,0.21604193656983908,27145.13124291948,0.0,0.0,492056.7559944552,Price-Driven,40.87,0.6560756746592736
20,591959.3820352395,443969.5365264296,0.47948709944854395,0.010095320204005437,0.4693917792445385,0.3675,1.0,0.6152264016770943,0.022738767805985403,0.1952405904394683,48087.21946802561,0.0,0.0,443969.5365264296,Price-Driven,36.96,0.5919593820352395
21,529659.0158620803,397244.2618965602,0.429023802848285,0.007736305265413056,0.42128749758287193,0.3675,1.0,0.6557216396896478,0.019474932698782543,0.175989165861746,46725.27462986938,0.0,0.0,397244.2618965602,Price-Driven,29.7,0.5296590158620803
22,471192.15947144263,353394.11960358196,0.3816656491718685,0.0038538895712005054,0.377811759600668,0.3675,1.0,0.6937250963435624,0.010905358514520803,0.15959089074545613,43850.14229297824,0.0,0.0,353394.11960358196,Price-Driven,15.72,0.4711921594714426
23,404564.93196423183,303423.69897317386,0.32769759489102773,0.002770815554761252,0.32492677933626646,0.3675,1.0,0.7370327942232493,0.00913183632042606,0.13756264522033163,49970.4206304081,0.0,0.0,303423.69897317386,Price-Driven,12.39,0.4045649319642318
0,683481.9154775183,375915.0535126351,0.3044911933452345,0.008903736186249317,0.29558745715898516,0.1775,0.05,0.555736754939613,0.023685500495526306,0.21120607023526694,375915.0535126351,300732.0428101081,56387.258026895266,18795.752675631757,Latency-Aware,42.62,0.6834819154775184
1,639369.9166416501,351653.4541529076,0.2848392978638552,0.008329305643070736,0.2765099922207845,0.1775,0.049999999999999996,0.5844095541829274,0.02368611923103405,0.20969583593173205,24261.599359727523,281322.76332232606,52748.01812293614,17582.67270764538,Latency-Aware,40.53,0.6393699166416501
2,566156.721699095,311386.1969345023,0.25222281951694686,0.006784524671139306,0.24543829484580756,0.17750000000000002,0.05,0.6319981308955882,0.0217881355626254,0.18627491742825214,40267.25721840531,249108.95754760184,46707.92954017534,15569.309846725115,Latency-Aware,34.475,0.566156721699095
3,475130.238145405,261321.6309799728,0.21167052109377799,0.0073059356163160186,0.20436458547746197,0.1775,0.049999999999999996,0.6911653452054867,0.02795763821356194,0.15471347559126714,50064.56595452948,209057.30478397824,39198.24464699592,13066.08154899864,Latency-Aware,40.45,0.475130238145405
4,425812.2763484457,234196.75199164514,0.1896993691132326,0.004712894104504167,0.18498647500872842,0.17750000000000002,0.05,0.7232220203735102,0.02012365271689292,0.14048909213031585,27124.878988327662,187357.4015933161,35129.51279874677,11709.837599582257,Latency-Aware,27.825,0.4258122763484457
5,125639.5945903557,69101.77702469564,0.05286285942389217,0.002326389691896696,0.05053646973199547,0.17750000000000002,0.05,0.9183342635162688,0.03366613410050641,0.0374071320973033,165094.9749669495,55281.42161975651,10365.266553704345,3455.088851234782,Latency-Aware,36.66,0.1256395945903557
6,71286.9093437869,39207.8001390828,0.029993967106398345,0.001481994197702981,0.028511972908695365,0.1775,0.05,0.9536635089265385,0.03779845317630334,0.021062490882269636,29893.976885612836,31366.24011126624,5881.17002086242,1960.39000695414,Latency-Aware,39.635,0.0712869093437869
7,0.0,0.0,0.0,0.0,0.0,0.0,0.0,0.0,0.0,0.0,39207.8001390828,0.0,0.0,0.0,Latency-Aware,38.355,0.0
8,58703.2617899673,32286.793984482018,0.024699397398128743,0.001296538856355671,0.023402858541773073,0.17750000000000002,0.05,0.9618428798365213,0.040156940233174766,0.017268367684721488,32286.793984482018,25829.435187585615,4843.019097672302,1614.339699224101,Latency-Aware,41.75,0.0587032617899673
9,265756.0674597552,146165.8371028654,0.14251169117529378,0.005425543069098545,0.13708614810619524,0.17750000000000002,0.05,0.8272585561511592,0.03711909141450252,0.10931463905665081,113879.04311838337,116932.66968229233,21924.875565429807,7308.29185514327,Latency-Aware,44.870000000000005,0.2657560674597552
10,295619.7152466959,162590.84338568276,0.1585260723010407,0.007337130290705565,0.15118894201033514,0.1775,0.05,0.8078471850896476,0.04512634375910772,0.12029668176705542,16425.00628281737,130072.67470854621,24388.626507852412,8129.542169284138,Latency-Aware,55.86000000000001,0.2956197152466959
11,345456.4317134951,190001.03744242236,0.1852510115063618,0.007391157352880977,0.17785985415348082,0.17750000000000002,0.049999999999999996,0.7754533193862281,0.03890061576701013,0.14175965703942056,27410.194056739594,152000.82995393788,28500.155616363347,9500.051872121117,Latency-Aware,50.165,0.3454564317134951
12,395290.439878778,217409.74193332792,0.17023182793379577,0.007142070095742225,0.16308975783805355,0.17750000000000002,0.05,0.7430612140787942,0.03285073627442349,0.12178190687072124,27408.70449090557,173927.79354666235,32611.461289999188,10870.487096666397,Latency-Aware,44.21,0.395290439878778
13,429536.97870896815,236245.33828993252,0.18498009988101718,0.007180103604903973,0.1777999962761132,0.1775,0.049999999999999996,0.7208009638391707,0.03039257264027863,0.132913382001026,18835.596356604598,188996.270631946,35436.800743489875,11812.266914496626,Latency-Aware,42.165,0.4295369787089681
14,482663.83477344736,265465.10912539606,0.2588284813972612,0.007771813483808169,0.25105666791345305,0.17750000000000002,0.05,0.6862685073972592,0.029276214525567074,0.20061829717962779,29219.77083546354,212372.08730031687,39819.76636880941,13273.255456269804,Latency-Aware,42.66,0.4826638347734474
15,456223.4972648837,250922.9234956861,0.2401332377853716,0.010032111614389869,0.23010112617098172,0.17750000000000002,0.049999999999999996,0.7034547267778255,0.03998084939641772,0.18242577070680135,14542.185629709973,200738.33879654887,37638.43852435291,12546.146174784304,Latency-Aware,56.835,0.4562234972648837
16,456966.17043826246,251331.39374104436,0.2405241438101795,0.012293319936204352,0.22823082387397514,0.17750000000000002,0.05,0.7029719892151294,0.0489127910095887,0.18047785906317673,408.4702453582722,201065.1149928355,37699.70906115665,12566.569687052219,Latency-Aware,69.58,0.4569661704382625
17,512593.8357640839,281926.60967024614,0.2156738563977383,0.011749538262787705,0.2039243181349506,0.17749999999999996,0.05,0.6668140067533455,0.04167587542208409,0.15035826229760382,30595.215929201775,225541.28773619691,42288.991450536916,14096.330483512307,Latency-Aware,62.5,0.5125938357640839
18,619882.166335381,340935.19148445956,0.2608154214856116,0.010882554009966208,0.2499328674756454,0.17750000000000002,0.05,0.5970765918820023,0.031919714602011845,0.18515518109359808,59008.58181421342,272748.15318756766,51140.27872266893,17046.75957422298,Latency-Aware,53.46,0.619882166335381
19,656075.6746592736,360841.6210626005,0.2760438401128894,0.008458496256904067,0.2675853438559853,0.1775,0.05,0.5735508114714721,0.02344102166483906,0.19902543585409124,19906.42957814096,288673.2968500804,54126.24315939008,18042.081053130027,Latency-Aware,40.87,0.6560756746592736
20,591959.3820352395,325577.66011938173,0.24906690999132705,0.007403234816270655,0.2416636751750564,0.17750000000000002,0.05,0.6152264016770943,0.022738767805985403,0.17980391975237386,35263.960943218786,260462.1280955054,48836.64901790726,16278.883005969088,Latency-Aware,36.96,0.5919593820352395
21,529659.0158620803,291312.45872414415,0.22285403092397033,0.0056732905279695735,0.21718074039600074,0.17750000000000002,0.05,0.6557216396896478,0.01947493269878254,0.16183137323841335,34265.201395237586,233049.96697931533,43696.86880862162,14565.622936207208,Latency-Aware,29.7,0.5296590158620803
22,471192.15947144263,259155.68770929347,0.19825410109760952,0.0028261856855470377,0.19542791541206248,0.17750000000000002,0.05,0.6937250963435624,0.010905358514520803,0.1461883347472967,32156.771014850674,207324.5501674348,38873.35315639402,12957.784385464674,Latency-Aware,15.72,0.4711921594714426
23,404564.93196423183,222510.71258032753,0.1802336771900653,0.0020319314068249186,0.17820174578324038,0.1775,0.05,0.7370327942232493,0.00913183632042606,0.13592471039297815,36644.97512896595,178008.57006426202,33376.60688704913,11125.535629016376,Latency-Aware,12.39,0.4045649319642318
0,683481.9154775183,512611.4366081387,0.6151337239297664,0.01214145843579452,0.6029922654939719,0.28750000000000003,0.0,0.555736754939613,0.023685500495526306,0.3743107591650627,512611.4366081387,0.0,512611.4366081387,0.0,RH-TEO,42.62,0.6834819154775184
1,639369.9166416501,479527.4374812376,0.575432924977485,0.01135814405873282,0.5640747809187522,0.2875,0.0,0.5844095541829274,0.02368611923103405,0.42621064264289643,33083.99912690115,0.0,479527.4374812376,0.0,RH-TEO,40.53,0.6393699166416501
2,566156.721699095,424617.54127432127,0.5095410495291856,0.0092516245515536,0.500289424977632,0.2875,0.0,0.6319981308955882,0.021788135562625405,0.3782118818612646,54909.89620691631,0.0,424617.54127432127,0.0,RH-TEO,34.475,0.566156721699095
3,475130.238145405,356347.6786090538,0.42761721433086447,0.009962639476794568,0.4176545748540699,0.2875,0.0,0.6911653452054867,0.027957638213561935,0.315204617253967,68269.86266526749,0.0,356347.6786090538,0.0,RH-TEO,40.45,0.475130238145405
4,425812.2763484457,319359.2072613343,0.3832310487136011,0.006426673778869319,0.3768043749347318,0.28750000000000003,0.0,0.7232220203735102,0.020123652716892922,0.28498860284709815,36988.47134771949,0.0,319359.2072613343,0.0,RH-TEO,27.825,0.4258122763484457
5,125639.5945903557,94229.69594276678,0.0848067263484901,0.0031723495798591313,0.08163437676863096,0.2875,0.0,0.9183342635162688,0.033666134100506416,0.05454333918508551,225129.5113185675,0.0,94229.69594276678,0.0,RH-TEO,36.66,0.1256395945903557
6,71286.9093437869,71286.9093437869,0.07698986209128984,0.0026945349049145107,0.07429532718637533,0.43,1.0,0.9536635089265385,0.03779845317630335,0.02582022883260024,22942.786598979874,0.0,0.0,71286.9093437869,RH-TEO,39.635,0.0712869093437869
7,0.0,0.0,0.0,0.0,0.0,0.0,0.0,0.0,0.0,0.0,71286.9093437869,0.0,0.0,0.0,RH-TEO,38.355,0.0
8,58703.2617899673,58703.2617899673,0.06339952273316468,0.0023573433751921287,0.061042179357972556,0.43,1.0,0.9618428798365213,0.040156940233174766,0.0211239613407948,58703.2617899673,0.0,0.0,58703.2617899673,RH-TEO,41.75,0.0587032617899673
9,265756.0674597552,265756.0674597552,0.3826887371420475,0.009864623761997352,0.3728241133800501,0.43,1.0,0.8272585561511592,0.037119091414502516,0.1921099875074166,207052.80566978792,0.0,0.0,265756.0674597552,RH-TEO,44.870000000000005,0.2657560674597552
10,295619.7152466959,295619.7152466959,0.42569238995524206,0.013340236892191937,0.4123521530630501,0.43,1.0,0.8078471850896476,0.04512634375910772,0.2113307466952969,29863.64778694068,0.0,0.0,295619.7152466959,RH-TEO,55.86000000000001,0.2956197152466959
11,345456.4317134951,345456.4317134951,0.4974572616674329,0.013438467914329046,0.48401879375310386,0.42999999999999994,1.0,0.7754533193862281,0.03890061576701013,0.24910842018792723,49836.716466799204,0.0,0.0,345456.4317134951,RH-TEO,50.165,0.3454564317134951
12,395290.439878778,395290.439878778,0.5692182334254403,0.012985581992258589,0.5562326514331817,0.43,1.0,0.7430612140787942,0.03285073627442349,0.2874351523156127,49834.008165282896,0.0,0.0,395290.439878778,RH-TEO,44.21,0.395290439878778
13,429536.97870896815,429536.97870896815,0.3092666246704571,0.013054733827098132,0.29621189084335897,0.27,0.0,0.7208009638391707,0.030392572640278632,0.18023690659193756,34246.53883019014,429536.97870896815,0.0,0.0,RH-TEO,42.165,0.4295369787089681
14,482663.83477344736,482663.83477344736,0.46335728138250953,0.014130569970560307,0.44922671141194925,0.27,0.0,0.6862685073972592,0.029276214525567074,0.3189074760231184,53126.856064479216,482663.83477344736,0.0,0.0,RH-TEO,42.66,0.4826638347734474
15,456223.4972648837,456223.4972648837,0.4379745573742884,0.018240202935254305,0.4197343544390341,0.27,0.0,0.7034547267778255,0.03998084939641772,0.2965540101775155,26440.33750856365,456223.4972648837,0.0,0.0,RH-TEO,56.835,0.4562234972648837
16,456966.17043826246,456966.17043826246,0.438687523620732,0.022351490793098824,0.41633603282763315,0.27,0.0,0.7029719892151294,0.0489127910095887,0.2929551668093023,742.6731733787456,456966.17043826246,0.0,0.0,RH-TEO,69.58,0.4569661704382625
17,512593.8357640839,384445.3768230629,0.34600083914075663,0.016022097631074143,0.3299787415096825,0.2875,0.0,0.6668140067533455,0.04167587542208409,0.21945069567305192,72520.79361519957,0.0,384445.3768230629,0.0,RH-TEO,62.5,0.5125938357640839
18,619882.166335381,464911.6247515357,0.41842046227638213,0.014839846377226646,0.4035806158991555,0.2875,0.0,0.5970765918820023,0.031919714602011845,0.269918523783089,80466.24792847282,0.0,464911.6247515357,0.0,RH-TEO,53.46,0.619882166335381
19,656075.6746592736,492056.7559944552,0.4428510803950097,0.011534313077596454,0.43131676731741325,0.2875,0.0,0.5735508114714721,0.023441021664839065,0.2898504499690074,27145.13124291948,0.0,492056.7559944552,0.0,RH-TEO,40.87,0.6560756746592736
20,591959.3820352395,443969.5365264296,0.3995725828737866,0.010095320204005437,0.38947726266978117,0.2875,0.0,0.6152264016770943,0.022738767805985403,0.26183602091843267,48087.21946802561,0.0,443969.5365264296,0.0,RH-TEO,36.96,0.5919593820352395
21,529659.0158620803,397244.2618965602,0.3575198357069042,0.007736305265413056,0.34978353044149113,0.2875,0.0,0.6557216396896478,0.019474932698782543,0.23557580514623008,46725.27462986938,0.0,397244.2618965602,0.0,RH-TEO,29.7,0.5296590158620803
22,471192.15947144263,353394.11960358196,0.3180547076432238,0.0038538895712005054,0.31420081807202327,0.2875,0.0,0.6937250963435624,0.010905358514520803,0.21260000868599346,43850.14229297824,0.0,353394.11960358196,0.0,RH-TEO,15.72,0.4711921594714426
23,404564.93196423183,303423.69897317386,0.3641084387678086,0.002770815554761252,0.3613376232130473,0.2875,0.0,0.7370327942232493,0.00913183632042606,0.2741033097582598,49970.4206304081,0.0,303423.69897317386,0.0,RH-TEO,12.39,0.4045649319642318
