hour,token_capacity,export_tokens,token_export_revenue,token_energy_cost,net_token_profit,avg_cross_timezone_delay,token_sla_violation_rate,energy_per_million_tokens,cost_per_million_tokens,utility,export_ramp_tokens,asia_export_tokens,europe_export_tokens,america_export_tokens,strategy,price,power_margin_norm
0,455555.2995770285,0.0,0.0,0.0,0.0,0.0,0.0,0.0,0.0,0.0,0.0,0.0,0.0,0.0,No-Export,42.62,0.4555552995770285
1,272275.9292094087,0.0,0.0,0.0,0.0,0.0,0.0,0.0,0.0,0.0,0.0,0.0,0.0,0.0,No-Export,40.53,0.2722759292094087
2,0.0,0.0,0.0,0.0,0.0,0.0,0.0,0.0,0.0,0.0,0.0,0.0,0.0,0.0,No-Export,34.475,0.0
3,316141.5124393103,0.0,0.0,0.0,0.0,0.0,0.0,0.0,0.0,0.0,0.0,0.0,0.0,0.0,No-Export,40.45,0.3161415124393103
4,410467.0582124122,0.0,0.0,0.0,0.0,0.0,0.0,0.0,0.0,0.0,0.0,0.0,0.0,0.0,No-Export,27.825,0.4104670582124122
5,229181.6027568471,0.0,0.0,0.0,0.0,0.0,0.0,0.0,0.0,0.0,0.0,0.0,0.0,0.0,No-Export,36.66,0.2291816027568471
6,251147.58811934362,0.0,0.0,0.0,0.0,0.0,0.0,0.0,0.0,0.0,0.0,0.0,0.0,0.0,No-Export,39.635,0.2511475881193436
7,301400.61495587375,0.0,0.0,0.0,0.0,0.0,0.0,0.0,0.0,0.0,0.0,0.0,0.0,0.0,No-Export,38.355,0.3014006149558738
8,173405.5085635912,0.0,0.0,0.0,0.0,0.0,0.0,0.0,0.0,0.0,0.0,0.0,0.0,0.0,No-Export,41.75,0.1734055085635912
9,107367.61530437849,0.0,0.0,0.0,0.0,0.0,0.0,0.0,0.0,0.0,0.0,0.0,0.0,0.0,No-Export,44.870000000000005,0.1073676153043785
10,22280.311616012597,0.0,0.0,0.0,0.0,0.0,0.0,0.0,0.0,0.0,0.0,0.0,0.0,0.0,No-Export,55.86000000000001,0.0222803116160126
11,57437.5759582944,0.0,0.0,0.0,0.0,0.0,0.0,0.0,0.0,0.0,0.0,0.0,0.0,0.0,No-Export,50.165,0.0574375759582944
12,94609.47169982339,0.0,0.0,0.0,0.0,0.0,0.0,0.0,0.0,0.0,0.0,0.0,0.0,0.0,No-Export,44.21,0.0946094716998234
13,115059.8702501427,0.0,0.0,0.0,0.0,0.0,0.0,0.0,0.0,0.0,0.0,0.0,0.0,0.0,No-Export,42.165,0.1150598702501427
14,149368.9615698478,0.0,0.0,0.0,0.0,0.0,0.0,0.0,0.0,0.0,0.0,0.0,0.0,0.0,No-Export,42.66,0.1493689615698478
15,135637.1499661784,0.0,0.0,0.0,0.0,0.0,0.0,0.0,0.0,0.0,0.0,0.0,0.0,0.0,No-Export,56.835,0.1356371499661784
16,112965.1042794621,0.0,0.0,0.0,0.0,0.0,0.0,0.0,0.0,0.0,0.0,0.0,0.0,0.0,No-Export,69.58,0.1129651042794621
17,182143.9412905096,0.0,0.0,0.0,0.0,0.0,0.0,0.0,0.0,0.0,0.0,0.0,0.0,0.0,No-Export,62.5,0.1821439412905096
18,258911.8524342649,0.0,0.0,0.0,0.0,0.0,0.0,0.0,0.0,0.0,0.0,0.0,0.0,0.0,No-Export,53.46,0.2589118524342649
19,287499.1223187276,0.0,0.0,0.0,0.0,0.0,0.0,0.0,0.0,0.0,0.0,0.0,0.0,0.0,No-Export,40.87,0.2874991223187276
20,258945.24172405121,0.0,0.0,0.0,0.0,0.0,0.0,0.0,0.0,0.0,0.0,0.0,0.0,0.0,No-Export,36.96,0.2589452417240512
21,224277.13237382198,0.0,0.0,0.0,0.0,0.0,0.0,0.0,0.0,0.0,0.0,0.0,0.0,0.0,No-Export,29.7,0.224277132373822
22,216447.3669650105,0.0,0.0,0.0,0.0,0.0,0.0,0.0,0.0,0.0,0.0,0.0,0.0,0.0,No-Export,15.72,0.2164473669650105
23,187855.73375183108,0.0,0.0,0.0,0.0,0.0,0.0,0.0,0.0,0.0,0.0,0.0,0.0,0.0,No-Export,12.39,0.1878557337518311
0,455555.2995770285,273333.1797462171,0.2733331797462171,0.008199927478881477,0.26513325226733564,0.25,0.3333333333333333,0.7038890552749315,0.029999751535817576,-0.258755342246247,273333.1797462171,91111.0599154057,91111.0599154057,91111.0599154057,Power-Margin-Only,42.62,0.4555552995770285
1,272275.9292094087,163365.5575256452,0.16336555752564522,0.005449389277793319,0.1579161682478519,0.24999999999999994,0.3333333333333333,0.8230206460138844,0.033357026782942736,-0.15520115034296808,109967.62222057188,54455.185841881736,54455.185841881736,54455.185841881736,Power-Margin-Only,40.53,0.2722759292094087
2,0.0,0.0,0.0,0.0,0.0,0.0,0.0,0.0,0.0,0.0,163365.5575256452,0.0,0.0,0.0,Power-Margin-Only,34.475,0.0
3,316141.5124393103,189684.9074635862,0.1896849074635862,0.006096064967550153,0.18358884249603605,0.25,0.3333333333333333,0.7945080169144483,0.03213784928418944,-0.17997389680917075,189684.9074635862,63228.30248786206,63228.30248786206,63228.30248786206,Power-Margin-Only,40.45,0.3161415124393103
4,410467.0582124122,246280.23492744728,0.2462802349274473,0.005024409907474498,0.2412558250199728,0.25,0.33333333333333337,0.7331964121619321,0.020401190168405758,-0.2307812919243012,56595.32746386109,82093.41164248243,82093.41164248243,82093.41164248243,Power-Margin-Only,27.825,0.4104670582124122
5,229181.6027568471,137508.96165410825,0.12375806548869744,0.004290118936474498,0.11946794655222295,0.25,0.33333333333333337,0.8510319582080494,0.03119883158790709,-0.14409089661815122,108771.27327333903,45836.32055136942,45836.32055136942,45836.32055136942,Power-Margin-Only,36.66,0.2291816027568471
6,251147.58811934362,150688.55287160617,0.13561969758444553,0.004997547803236195,0.13062214978120934,0.24999999999999994,0.3333333333333333,0.8367540677224266,0.03316474747417837,-0.15819757655603583,13179.591217497917,50229.51762386872,50229.51762386872,50229.51762386872,Power-Margin-Only,39.635,0.2511475881193436
7,301400.61495587375,180840.36897352425,0.16275633207617185,0.005577271890383249,0.1571790601857886,0.25,0.3333333333333333,0.804089600278682,0.030840856618688847,-0.1894316470134662,30151.816101918084,60280.12299117475,60280.12299117475,60280.12299117475,Power-Margin-Only,38.355,0.3014006149558738
8,173405.5085635912,104043.30513815471,0.09363897462433925,0.0038542018377267406,0.08978477278661251,0.24999999999999997,0.3333333333333333,0.8872864194336657,0.03704420801135555,-0.10963156206151732,76797.06383536954,34681.101712718235,34681.101712718235,34681.101712718235,Power-Margin-Only,41.75,0.1734055085635912
9,107367.61530437849,64420.56918262709,0.0708626261008898,0.0026888224244052414,0.06817380367648455,0.24999999999999997,0.3333333333333333,0.930211050052154,0.041738569815840156,-0.05529895392355069,39622.73595552762,21473.523060875697,21473.523060875697,21473.523060875697,Power-Margin-Only,44.870000000000005,0.1073676153043785
10,22280.311616012597,13368.186969607557,0.014705005666568311,0.0007359323839132451,0.013969073282655066,0.24999999999999997,0.3333333333333333,0.9855177974495918,0.0550510241655342,-0.011653285075759419,51052.38221301953,4456.062323202519,4456.062323202519,4456.062323202519,Power-Margin-Only,55.86000000000001,0.0222803116160126
11,57437.5759582944,34462.54557497664,0.0379088001324743,0.001664269338210647,0.03624453079426365,0.25,0.3333333333333333,0.9626655756271086,0.04829211860133391,-0.0298086815577749,21094.35860536908,11487.51519165888,11487.51519165888,11487.51519165888,Power-Margin-Only,50.165,0.0574375759582944
12,94609.47169982339,56765.68301989403,0.05790099668029191,0.0023552794246875465,0.055545717255604365,0.25,0.33333333333333337,0.9385038433951148,0.04149125491649802,-0.05325517519919254,22303.13744491739,18921.894339964678,18921.894339964678,18921.894339964678,Power-Margin-Only,44.21,0.0946094716998234
13,115059.8702501427,69035.92215008562,0.07041664059308733,0.002693196628474437,0.0677234439646129,0.25,0.3333333333333333,0.9252110843374072,0.03901152537108678,-0.0645954068230512,12270.239130191592,23011.97405002854,23011.97405002854,23011.97405002854,Power-Margin-Only,42.165,0.1150598702501427
14,149368.9615698478,89621.37694190867,0.09858351463609955,0.0034520494668044276,0.09513146516929512,0.25,0.33333333333333337,0.9029101749795989,0.038518148064629686,-0.07664284063602989,20585.454791823053,29873.79231396956,29873.79231396956,29873.79231396956,Power-Margin-Only,42.66,0.1493689615698478
15,135637.1499661784,81382.28997970704,0.0797546441801129,0.004217571313727705,0.0755370728663852,0.25,0.3333333333333333,0.9118358525219841,0.051824190678086975,-0.08044564959471996,8239.086962201633,27127.42999323568,27127.42999323568,27127.42999323568,Power-Margin-Only,56.835,0.1356371499661784
16,112965.1042794621,67779.06256767726,0.06642348131632372,0.004369779010433801,0.06205370230588992,0.25,0.3333333333333333,0.9265726822183495,0.06447092722875276,-0.0678561676154915,13603.22741202978,22593.02085589242,22593.02085589242,22593.02085589242,Power-Margin-Only,69.58,0.1129651042794621
17,182143.9412905096,109286.36477430575,0.09835772829687517,0.0060217226742661206,0.09233600562260905,0.24999999999999997,0.3333333333333333,0.8816064381611688,0.055100402385073056,-0.11712952686147696,41507.30220662849,36428.788258101915,36428.788258101915,36428.788258101915,Power-Margin-Only,62.5,0.1821439412905096
18,258911.8524342649,155347.11146055892,0.13981240031450304,0.006907209808039727,0.13290519050646332,0.25,0.3333333333333333,0.8317072959177279,0.044463072039761735,-0.16484343979294125,46060.74668625317,51782.370486852975,51782.370486852975,51782.370486852975,Power-Margin-Only,53.46,0.2589118524342649
19,287499.1223187276,172499.47339123656,0.1552495260521129,0.005732578755896995,0.1495169472962159,0.25,0.3333333333333333,0.8131255704928271,0.03323244206604184,-0.18110704337032085,17152.361930677638,57499.82446374552,57499.82446374552,57499.82446374552,Power-Margin-Only,40.87,0.2874991223187276
20,258945.24172405121,155367.14503443072,0.13983043053098765,0.00477584613223632,0.13505458439875132,0.25,0.3333333333333333,0.8316855928793667,0.030739099512821395,-0.16273244358390757,17132.32835680584,51789.04834481024,51789.04834481024,51789.04834481024,Power-Margin-Only,36.96,0.2589452417240512
21,224277.13237382198,134566.27942429317,0.12110965148186387,0.0034139909104197383,0.11769566057144412,0.24999999999999994,0.3333333333333333,0.8542198639570158,0.02537032995952337,-0.1402230416584511,20800.865610137553,44855.42647476439,44855.42647476439,44855.42647476439,Power-Margin-Only,29.7,0.224277132373822
22,216447.3669650105,129868.4201790063,0.11688157816110567,0.0017543068795007396,0.11512727128160494,0.24999999999999994,0.3333333333333333,0.8593092114727432,0.013508340804351524,-0.13378720072815709,4697.859245286876,43289.473393002096,43289.473393002096,43289.473393002096,Power-Margin-Only,15.72,0.2164473669650105
23,187855.73375183108,112713.44025109864,0.11271344025109864,0.0012259957947024253,0.11148744445639622,0.24999999999999997,0.3333333333333333,0.8778937730613098,0.010877103848229628,-0.10454664935820948,17154.979927907654,37571.14675036621,37571.14675036621,37571.14675036621,Power-Margin-Only,12.39,0.1878557337518311
0,455555.2995770285,341666.47468277137,0.3689997926573931,0.010249909348601849,0.3587498833087912,0.3675,1.0,0.7038890552749315,0.029999751535817576,-1.4751449195509843,341666.47468277137,0.0,0.0,341666.47468277137,Price-Driven,42.62,0.4555552995770285
1,272275.9292094087,204206.94690705652,0.22054350265962103,0.006811736597241649,0.21373176606237937,0.3675,1.0,0.8230206460138844,0.033357026782942736,-0.8823490214612465,137459.52777571484,0.0,0.0,204206.94690705652,Price-Driven,40.53,0.2722759292094087
2,0.0,0.0,0.0,0.0,0.0,0.0,0.0,0.0,0.0,0.0,204206.94690705652,0.0,0.0,0.0,Price-Driven,34.475,0.0
3,316141.5124393103,237106.13432948274,0.2560746250758414,0.00762008120943769,0.2484545438664037,0.3675,1.0,0.7945080169144483,0.03213784928418943,-1.0242126321470948,237106.13432948274,0.0,0.0,237106.13432948274,Price-Driven,40.45,0.3161415124393103
4,410467.0582124122,307850.29365930916,0.3324783171520539,0.006280512384343124,0.32619780476771076,0.36750000000000005,1.0,0.7331964121619321,0.02040119016840576,-1.326188646448631,70744.15932982642,0.0,0.0,307850.29365930916,Price-Driven,27.825,0.4104670582124122
5,229181.6027568471,171886.2020676353,0.1856370982330461,0.005362648670593121,0.18027444956245298,0.36749999999999994,1.0,0.8510319582080494,0.03119883158790709,-0.7423247400355795,135964.09159167384,0.0,0.0,171886.2020676353,Price-Driven,36.66,0.2291816027568471
6,251147.58811934362,188360.69108950772,0.2034295463766683,0.006246934754045244,0.19718261162262304,0.3675,1.0,0.8367540677224266,0.03316474747417838,-0.8138433978003096,16474.489021872403,0.0,0.0,188360.69108950772,Price-Driven,39.635,0.2511475881193436
7,301400.61495587375,226050.46121690533,0.24413449811425775,0.006971589862979062,0.2371629082512787,0.3675,1.0,0.804089600278682,0.03084085661868885,-0.9761629423304606,37689.77012739761,0.0,0.0,226050.46121690533,Price-Driven,38.355,0.3014006149558738
8,173405.5085635912,0.0,0.0,0.0,0.0,0.0,0.0,0.0,0.0,0.0,226050.46121690533,0.0,0.0,0.0,Price-Driven,41.75,0.1734055085635912
9,107367.61530437849,0.0,0.0,0.0,0.0,0.0,0.0,0.0,0.0,0.0,0.0,0.0,0.0,0.0,Price-Driven,44.870000000000005,0.1073676153043785
10,22280.311616012597,0.0,0.0,0.0,0.0,0.0,0.0,0.0,0.0,0.0,0.0,0.0,0.0,0.0,Price-Driven,55.86000000000001,0.0222803116160126
11,57437.5759582944,0.0,0.0,0.0,0.0,0.0,0.0,0.0,0.0,0.0,0.0,0.0,0.0,0.0,Price-Driven,50.165,0.0574375759582944
12,94609.47169982339,0.0,0.0,0.0,0.0,0.0,0.0,0.0,0.0,0.0,0.0,0.0,0.0,0.0,Price-Driven,44.21,0.0946094716998234
13,115059.8702501427,0.0,0.0,0.0,0.0,0.0,0.0,0.0,0.0,0.0,0.0,0.0,0.0,0.0,Price-Driven,42.165,0.1150598702501427
14,149368.9615698478,0.0,0.0,0.0,0.0,0.0,0.0,0.0,0.0,0.0,0.0,0.0,0.0,0.0,Price-Driven,42.66,0.1493689615698478
15,135637.1499661784,0.0,0.0,0.0,0.0,0.0,0.0,0.0,0.0,0.0,0.0,0.0,0.0,0.0,Price-Driven,56.835,0.1356371499661784
16,112965.1042794621,0.0,0.0,0.0,0.0,0.0,0.0,0.0,0.0,0.0,0.0,0.0,0.0,0.0,Price-Driven,69.58,0.1129651042794621
17,182143.9412905096,0.0,0.0,0.0,0.0,0.0,0.0,0.0,0.0,0.0,0.0,0.0,0.0,0.0,Price-Driven,62.5,0.1821439412905096
18,258911.8524342649,0.0,0.0,0.0,0.0,0.0,0.0,0.0,0.0,0.0,0.0,0.0,0.0,0.0,Price-Driven,53.46,0.2589118524342649
19,287499.1223187276,215624.3417390457,0.23287428907816934,0.007165723444871243,0.2257085656332981,0.36749999999999994,1.0,0.8131255704928271,0.03323244206604184,-0.9316550886510295,215624.3417390457,0.0,0.0,215624.3417390457,Price-Driven,40.87,0.2874991223187276
20,258945.24172405121,194208.93129303842,0.2097456457964815,0.005969807665295401,0.2037758381311861,0.36750000000000005,1.0,0.8316855928793667,0.030739099512821392,-0.8386406005841976,21415.41044600727,0.0,0.0,194208.93129303842,Price-Driven,36.96,0.2589452417240512
21,224277.13237382198,168207.8492803665,0.18166447722279583,0.004267488638024674,0.17739698858477115,0.36750000000000005,1.0,0.8542198639570158,0.02537032995952337,-0.7254586424275961,26001.08201267192,0.0,0.0,168207.8492803665,Price-Driven,29.7,0.224277132373822
22,216447.3669650105,162335.52522375787,0.1753223672416585,0.0021928835993759244,0.1731294836422826,0.3675,1.0,0.8593092114727432,0.013508340804351522,-0.6982064479962379,5872.3240566086315,0.0,0.0,162335.52522375787,Price-Driven,15.72,0.2164473669650105
23,187855.73375183108,140891.8003138733,0.15216314433898318,0.0015324947433780316,0.15063064959560515,0.3675,1.0,0.8778937730613098,0.010877103848229628,-0.6056060885891097,21443.724909884564,0.0,0.0,140891.8003138733,Price-Driven,12.39,0.1878557337518311
0,455555.2995770285,250555.41476736573,0.20294988596156624,0.00751660018897469,0.19543328577259156,0.17750000000000002,0.05,0.7038890552749315,0.02999975153581758,0.08832084595954272,250555.41476736573,200444.33181389258,37583.31221510485,12527.770738368286,Latency-Aware,42.62,0.4555552995770285
1,272275.9292094087,149751.7610651748,0.12129892646279161,0.004995273504643877,0.11630365295814774,0.1775,0.05,0.8230206460138844,0.033357026782942736,0.05228477510278551,100803.65370219093,119801.40885213984,22462.76415977622,7487.58805325874,Latency-Aware,40.53,0.2722759292094087
2,0.0,0.0,0.0,0.0,0.0,0.0,0.0,0.0,0.0,0.0,149751.7610651748,0.0,0.0,0.0,Latency-Aware,34.475,0.0
3,316141.5124393103,173877.83184162067,0.14084104379171275,0.00558805955358764,0.1352529842381251,0.17750000000000002,0.05,0.7945080169144483,0.03213784928418944,0.060920211125832256,173877.83184162067,139102.26547329655,26081.6747762431,8693.891592081034,Latency-Aware,40.45,0.3161415124393103
4,410467.0582124122,225756.8820168267,0.18286307443362965,0.004605709081851624,0.17825736535177802,0.1775,0.05,0.7331964121619321,0.02040119016840576,0.08174629828958462,51879.05017520604,180605.50561346137,33863.53230252401,11287.844100841336,Latency-Aware,27.825,0.4104670582124122
5,229181.6027568471,126049.88151626592,0.09642815935994344,0.003932609025101623,0.09249555033484182,0.17750000000000002,0.05,0.8510319582080494,0.031198831587907087,0.038609225986638136,99707.0005005608,100839.90521301274,18907.482227439887,6302.494075813296,Latency-Aware,36.66,0.2291816027568471
6,251147.58811934362,138131.173465639,0.10567034770121385,0.004581085486299845,0.101089262214914,0.1775,0.05,0.8367540677224266,0.03316474747417837,0.042038185558353335,12081.291949373088,110504.9387725112,20719.67601984585,6906.55867328195,Latency-Aware,39.635,0.2511475881193436
7,301400.61495587375,165770.33822573058,0.1268143087426839,0.005112499232851312,0.12170180950983259,0.1775,0.05,0.804089600278682,0.03084085661868885,0.05083498991833276,27639.164760091575,132616.27058058447,24865.550733859585,8288.51691128653,Latency-Aware,38.355,0.3014006149558738
8,173405.5085635912,95373.02970997516,0.072960367728131,0.0035330183512495123,0.06942734937688148,0.1775,0.05,0.8872864194336657,0.037044208011355544,0.0286553791758671,70397.30851575542,76298.42376798013,14305.954456496274,4768.651485498758,Latency-Aware,41.75,0.1734055085635912
9,107367.61530437849,59052.18841740818,0.05757588370697297,0.0024647538890381388,0.055111129817934826,0.17750000000000002,0.05,0.930211050052154,0.04173856981584016,0.029866319269492833,36320.84129256698,47241.75073392654,8857.828262611225,2952.609420870409,Latency-Aware,44.870000000000005,0.1073676153043785
10,22280.311616012597,12254.17138880693,0.011947817104086758,0.0006746046852538081,0.01127321241883295,0.1775,0.05,0.9855177974495918,0.0550510241655342,0.006034554150117987,46798.01702860125,9803.337111045545,1838.1257083210394,612.7085694403465,Latency-Aware,55.86000000000001,0.0222803116160126
11,57437.5759582944,31590.666777061924,0.030800900107635375,0.0015255802266930932,0.029275319880942282,0.1775,0.05,0.9626655756271086,0.04829211860133391,0.01577030983374831,19336.495388254996,25272.53342164954,4738.600016559289,1579.5333388530962,Latency-Aware,50.165,0.0574375759582944
12,94609.47169982339,52035.20943490287,0.040743568987528955,0.002159006139296918,0.038584562848232036,0.1775,0.05,0.9385038433951148,0.04149125491649802,0.01633951081481106,20444.542657840946,41628.1675479223,7805.28141523543,2601.7604717451436,Latency-Aware,44.21,0.0946094716998234
13,115059.8702501427,63282.928637578494,0.049550533123223967,0.002468763576101567,0.0470817695471224,0.17750000000000002,0.05,0.9252110843374072,0.03901152537108678,0.020028317554557588,11247.719202675624,50626.3429100628,9492.439295636774,3164.146431878925,Latency-Aware,42.165,0.1150598702501427
14,149368.9615698478,82152.9288634163,0.08009910564183088,0.0031643786779040587,0.07693472696392682,0.1775,0.049999999999999996,0.9029101749795989,0.038518148064629686,0.04181434987481636,18870.0002258378,65722.34309073303,12322.939329512445,4107.646443170815,Latency-Aware,42.66,0.1493689615698478
15,135637.1499661784,74600.43248139812,0.07139261388469802,0.0038661070375837292,0.06752650684711428,0.17750000000000002,0.05,0.9118358525219841,0.051824190678086975,0.03563482196131658,7552.496382018173,59680.3459851185,11190.064872209718,3730.0216240699065,Latency-Aware,56.835,0.1356371499661784
16,112965.1042794621,62130.807353704164,0.05945918263749489,0.004005630759564318,0.05545355187793057,0.17750000000000002,0.05,0.9265726822183495,0.06447092722875276,0.02889263173422204,12469.625127693958,49704.645882963334,9319.621103055624,3106.5403676852084,Latency-Aware,69.58,0.1129651042794621
17,182143.9412905096,100179.1677097803,0.07663706329798194,0.005519912451410612,0.07111715084657133,0.17750000000000005,0.05,0.8816064381611688,0.055100402385073056,0.028290556650640244,38048.36035607614,80143.33416782424,15026.875156467042,5008.958385489015,Latency-Aware,62.5,0.1821439412905096
18,258911.8524342649,142401.51883884572,0.10893716191171698,0.0063316089907030845,0.10260555292101389,0.1775,0.05,0.8317072959177279,0.04446307203976173,0.041728903617407345,42222.35112906541,113921.21507107659,21360.227825826856,7120.075941942287,Latency-Aware,53.46,0.2589118524342649
19,287499.1223187276,158124.5172753002,0.12096525571560467,0.005254863859572245,0.11571039185603242,0.17750000000000002,0.05,0.8131255704928271,0.03323244206604184,0.04811216072084158,15722.99843645448,126499.61382024016,23718.67759129503,7906.22586376501,Latency-Aware,40.87,0.2874991223187276
20,258945.24172405121,142419.8829482282,0.10895121045539459,0.004377858954549961,0.10457335150084462,0.1775,0.05,0.8316855928793667,0.030739099512821392,0.043688851540477074,15704.63432707201,113935.90635858255,21362.982442234228,7120.994147411409,Latency-Aware,36.96,0.2589452417240512
21,224277.13237382198,123352.42280560211,0.09436460344628561,0.003129491667884761,0.09123511177840085,0.1775,0.05,0.8542198639570158,0.025370329959523368,0.03850195102900594,19067.460142626078,98681.93824448169,18502.863420840313,6167.6211402801055,Latency-Aware,29.7,0.224277132373822
22,216447.3669650105,119046.05183075578,0.09107022965052818,0.0016081146395423448,0.08946211501098583,0.1775,0.05,0.8593092114727432,0.013508340804351524,0.03856992785333774,4306.37097484633,95236.84146460463,17856.907774613366,5952.302591537789,Latency-Aware,15.72,0.2164473669650105
23,187855.73375183108,103320.6535635071,0.08368972938644076,0.0011238294784772234,0.08256589990796354,0.17750000000000002,0.05,0.8778937730613098,0.010877103848229628,0.03839632050956425,15725.398267248675,82656.52285080569,15498.098034526065,5166.032678175356,Latency-Aware,12.39,0.1878557337518311
0,455555.2995770285,341666.47468277137,0.40999976961932566,0.010249909348601849,0.3997498602707238,0.2875,0.0,0.7038890552749315,0.029999751535817576,0.30152074879942703,341666.47468277137,0.0,341666.47468277137,0.0,RH-TEO,42.62,0.4555552995770285
1,272275.9292094087,204206.94690705652,0.2450483362884678,0.006811736597241649,0.23823659969122615,0.2875,0.0,0.8230206460138844,0.033357026782942736,0.1795271024554474,137459.52777571484,0.0,204206.94690705652,0.0,RH-TEO,40.53,0.2722759292094087
2,0.0,0.0,0.0,0.0,0.0,0.0,0.0,0.0,0.0,0.0,204206.94690705652,0.0,0.0,0.0,RH-TEO,34.475,0.0
3,316141.5124393103,237106.13432948274,0.2845273611953793,0.00762008120943769,0.2769072799859416,0.2875,0.0,0.7945080169144483,0.03213784928418943,0.20873926636621531,237106.13432948274,0.0,237106.13432948274,0.0,RH-TEO,40.45,0.3161415124393103
4,410467.0582124122,307850.29365930916,0.369420352391171,0.006280512384343124,0.36313984000682786,0.28750000000000003,0.0,0.7331964121619321,0.02040119016840576,0.2746328805797765,70744.15932982642,0.0,307850.29365930916,0.0,RH-TEO,27.825,0.4104670582124122
5,229181.6027568471,171886.2020676353,0.15469758186087176,0.005362648670593121,0.14933493319027863,0.2875,0.0,0.8510319582080494,0.03119883158790709,0.09991765009583348,135964.09159167384,0.0,171886.2020676353,0.0,RH-TEO,36.66,0.2291816027568471
6,251147.58811934362,251147.58811934362,0.18082626344592742,0.008329246338726991,0.17249701710720042,0.27,0.0,0.8367540677224266,0.03316474747417837,0.10468716831497764,79261.38605170831,251147.58811934362,0.0,0.0,RH-TEO,39.635,0.2511475881193436
7,301400.61495587375,301400.61495587375,0.21700844276822914,0.00929545315063875,0.20771298961759038,0.27,0.0,0.804089600278682,0.030840856618688853,0.12633482357950446,50253.02683653013,301400.61495587375,0.0,0.0,RH-TEO,38.355,0.3014006149558738
8,173405.5085635912,173405.5085635912,0.12485196616578566,0.006423669729544568,0.11842829643624109,0.27,0.0,0.8872864194336657,0.03704420801135555,0.07160880912407147,127995.10639228256,173405.5085635912,0.0,0.0,RH-TEO,41.75,0.1734055085635912
9,107367.61530437849,107367.61530437849,0.10307291069220335,0.00448137070734207,0.09859153998486128,0.27,0.0,0.930211050052154,0.04173856981584016,0.0696022838526791,66037.89325921271,107367.61530437849,0.0,0.0,RH-TEO,44.870000000000005,0.1073676153043785
10,22280.311616012597,22280.311616012597,0.021389099151372094,0.0012265539731887419,0.02016254517818335,0.27,0.0,0.9855177974495918,0.0550510241655342,0.01414686104185995,85087.3036883659,22280.311616012597,0.0,0.0,RH-TEO,55.86000000000001,0.0222803116160126
11,57437.5759582944,57437.5759582944,0.055140072919962625,0.002773782230351078,0.052366290689611544,0.27,0.0,0.9626655756271086,0.0482921186013339,0.036858145180872055,35157.26434228181,57437.5759582944,0.0,0.0,RH-TEO,50.165,0.0574375759582944
12,94609.47169982339,94609.47169982339,0.06811881962387285,0.003925465707812578,0.06419335391606028,0.27,0.0,0.9385038433951148,0.04149125491649802,0.038648796557107956,37171.89574152899,94609.47169982339,0.0,0.0,RH-TEO,44.21,0.0946094716998234
13,115059.8702501427,115059.8702501427,0.08284310658010276,0.0044886610474573945,0.07835444553264537,0.27,0.0,0.9252110843374072,0.03901152537108677,0.04728828056510684,20450.39855031931,115059.8702501427,0.0,0.0,RH-TEO,42.165,0.1150598702501427
14,149368.9615698478,149368.9615698478,0.1433942031070539,0.005753415778007379,0.1376407873290465,0.27,0.0,0.9029101749795989,0.038518148064629686,0.09731116770518759,34309.0913197051,149368.9615698478,0.0,0.0,RH-TEO,42.66,0.1493689615698478
15,135637.1499661784,135637.1499661784,0.13021166396753128,0.007029285522879507,0.12318237844465177,0.27,0.0,0.9118358525219841,0.05182419067808697,0.08656034795378359,13731.811603669397,135637.1499661784,0.0,0.0,RH-TEO,56.835,0.1356371499661784
16,112965.1042794621,112965.1042794621,0.10844650010828362,0.0072829650173896684,0.10116353509089396,0.27,0.0,0.9265726822183495,0.06447092722875276,0.07066295693543918,22672.0456867163,112965.1042794621,0.0,0.0,RH-TEO,69.58,0.1129651042794621
17,182143.9412905096,136607.95596788218,0.12294716037109397,0.00752715334283265,0.11542000702826133,0.2875,0.0,0.8816064381611688,0.05510040238507305,0.0761452196874952,23642.85168842008,0.0,136607.95596788218,0.0,RH-TEO,62.5,0.1821439412905096
18,258911.8524342649,194183.88932569866,0.1747655003931288,0.008634012260049659,0.16613148813307915,0.2875,0.0,0.8317072959177279,0.044463072039761735,0.1103036199519408,57575.93335781648,0.0,194183.88932569866,0.0,RH-TEO,53.46,0.2589118524342649
19,287499.1223187276,215624.3417390457,0.1940619075651411,0.007165723444871243,0.18689618412026987,0.2875,0.0,0.8131255704928271,0.03323244206604184,0.12490418587029424,21440.452413347026,0.0,215624.3417390457,0.0,RH-TEO,40.87,0.2874991223187276
20,258945.24172405121,194208.93129303842,0.1747880381637346,0.005969807665295401,0.1688182304984392,0.2875,0.0,0.8316855928793667,0.030739099512821392,0.11298316275169065,21415.41044600727,0.0,194208.93129303842,0.0,RH-TEO,36.96,0.2589452417240512
21,224277.13237382198,168207.8492803665,0.15138706435232985,0.004267488638024674,0.14711957571430517,0.28750000000000003,0.0,0.8542198639570158,0.02537032995952337,0.09875981904619979,26001.08201267192,0.0,168207.8492803665,0.0,RH-TEO,29.7,0.224277132373822
22,216447.3669650105,162335.52522375787,0.1461019727013821,0.0021928835993759244,0.14390908910200617,0.2875,0.0,0.8593092114727432,0.013508340804351522,0.09723762560017579,5872.3240566086315,0.0,162335.52522375787,0.0,RH-TEO,15.72,0.2164473669650105
23,187855.73375183108,140891.8003138733,0.16907016037664796,0.0015324947433780316,0.16753766563326994,0.2875,0.0,0.8778937730613098,0.010877103848229628,0.12703127304303136,21443.724909884564,0.0,140891.8003138733,0.0,RH-TEO,12.39,0.1878557337518311
