parameter,value,total_export_tokens,net_token_profit,avg_cross_timezone_delay,token_sla_violation_rate
window_size_hours,2.0,3833666.698379106,3.6737593786360323,0.2835125284984082,0.0
window_size_hours,4.0,3995456.1170728663,3.6974939327016147,0.280839459817557,0.0
window_size_hours,6.0,4052751.517762078,3.7060195552688087,0.2799440040478706,0.0
latency_penalty_weight,0.5,4234890.246772953,3.731028896808182,0.2772583449471901,0.0
latency_penalty_weight,1.0,3995456.1170728663,3.6974939327016147,0.280839459817557,0.0
latency_penalty_weight,2.0,3615286.1740021287,3.4039206378698683,0.26226249957939757,0.0
token_per_margin_unit_factor,0.8,3196364.893658293,2.957995146161292,0.280839459817557,0.0
token_per_margin_unit_factor,1.0,3995456.1170728663,3.6974939327016147,0.280839459817557,0.0
token_per_margin_unit_factor,1.2,4794547.340487439,4.436992719241937,0.28083945981755704,0.0
